{
  "programs": [
    {
      "program_id": "CAD_NMF_P01",
      "gene_set": [
        "RYR2",
        "TTN",
        "PDE3A",
        "DMD",
        "LAMA2",
        "SLC8A1",
        "CTNNA3",
        "MLIP",
        "FHL2",
        "FGF12",
        "SORBS2",
        "PALLD",
        "PRKG1",
        "NEBL",
        "PDLIM5",
        "TNNT2",
        "SGCD",
        "CACNB2",
        "TECRL",
        "CACNA1C"
      ],
      "top_genes": [
        "RYR2",
        "TTN",
        "PDE3A",
        "DMD",
        "LAMA2",
        "SLC8A1",
        "CTNNA3",
        "MLIP",
        "FHL2",
        "FGF12",
        "SORBS2",
        "PALLD",
        "PRKG1",
        "NEBL",
        "PDLIM5",
        "TNNT2",
        "SGCD",
        "CACNB2",
        "TECRL",
        "CACNA1C"
      ],
      "gene_loadings": {
        "RYR2": 22.671635515942857,
        "TTN": 22.53220647566301,
        "PDE3A": 20.201138184263392,
        "DMD": 19.537420810878583,
        "LAMA2": 18.910384662415712,
        "SLC8A1": 18.139133481070445,
        "CTNNA3": 17.79564607436649,
        "MLIP": 16.79767243287873,
        "FHL2": 16.32806262254853,
        "FGF12": 15.6395683204763,
        "SORBS2": 15.085780753313214,
        "PALLD": 14.79368852064304,
        "PRKG1": 14.537753645169518,
        "NEBL": 14.428662978171333,
        "PDLIM5": 14.23198365790406,
        "TNNT2": 13.302752335827039,
        "SGCD": 13.08644238776322,
        "CACNB2": 12.935449961812191,
        "TECRL": 12.856752034057884,
        "CACNA1C": 12.799166081919521
      },
      "n_genes": 20,
      "cell_type": "unknown",
      "source": "sklearn_NMF"
    },
    {
      "program_id": "CAD_NMF_P02",
      "gene_set": [
        "ADAMTS9",
        "AKAP12",
        "FLT1",
        "COL4A1",
        "SLC2A3",
        "AFDN",
        "GALNT18",
        "PICALM",
        "PLEKHG1",
        "SORBS1",
        "PITPNC1",
        "UGCG",
        "COL4A2",
        "NEDD9",
        "JMJD1C",
        "CCNY",
        "PDLIM1",
        "ANO2",
        "NLK",
        "SEC14L1"
      ],
      "top_genes": [
        "ADAMTS9",
        "AKAP12",
        "FLT1",
        "COL4A1",
        "SLC2A3",
        "AFDN",
        "GALNT18",
        "PICALM",
        "PLEKHG1",
        "SORBS1",
        "PITPNC1",
        "UGCG",
        "COL4A2",
        "NEDD9",
        "JMJD1C",
        "CCNY",
        "PDLIM1",
        "ANO2",
        "NLK",
        "SEC14L1"
      ],
      "gene_loadings": {
        "ADAMTS9": 8.430813107082978,
        "AKAP12": 6.994510474738524,
        "FLT1": 6.5704872937136365,
        "COL4A1": 6.3690437929510315,
        "SLC2A3": 6.308898844300956,
        "AFDN": 6.254767786137758,
        "GALNT18": 6.125071181916403,
        "PICALM": 6.096322517277084,
        "PLEKHG1": 6.079936888493513,
        "SORBS1": 6.071968236634559,
        "PITPNC1": 5.988025014937421,
        "UGCG": 5.7664991271405945,
        "COL4A2": 5.74600153778071,
        "NEDD9": 5.7112992514852365,
        "JMJD1C": 5.68045071288009,
        "CCNY": 5.635774669624808,
        "PDLIM1": 5.630075795344981,
        "ANO2": 5.5511440437668895,
        "NLK": 5.3432600579738,
        "SEC14L1": 5.283113231961129
      },
      "n_genes": 20,
      "cell_type": "unknown",
      "source": "sklearn_NMF"
    },
    {
      "program_id": "CAD_NMF_P03",
      "gene_set": [
        "INSR",
        "MACF1",
        "PLCG2",
        "HSPG2",
        "EGFL7",
        "PITPNC1",
        "RBM6",
        "UTRN",
        "MAGI1",
        "PECAM1",
        "KIAA1217",
        "GNB1",
        "RERE",
        "EIF4G3",
        "ANKRD11",
        "PTPRM",
        "TBCD",
        "VWF",
        "CTNND1",
        "FRMD4A"
      ],
      "top_genes": [
        "INSR",
        "MACF1",
        "PLCG2",
        "HSPG2",
        "EGFL7",
        "PITPNC1",
        "RBM6",
        "UTRN",
        "MAGI1",
        "PECAM1",
        "KIAA1217",
        "GNB1",
        "RERE",
        "EIF4G3",
        "ANKRD11",
        "PTPRM",
        "TBCD",
        "VWF",
        "CTNND1",
        "FRMD4A"
      ],
      "gene_loadings": {
        "INSR": 3.941994423052848,
        "MACF1": 3.912485377974471,
        "PLCG2": 3.7980377958928564,
        "HSPG2": 3.7572371672215277,
        "EGFL7": 3.612515550136826,
        "PITPNC1": 3.543492533659157,
        "RBM6": 3.5414696528116716,
        "UTRN": 3.4957055701797675,
        "MAGI1": 3.47243163439944,
        "PECAM1": 3.3388883226454964,
        "KIAA1217": 3.2735695836253758,
        "GNB1": 3.205591320479842,
        "RERE": 3.118392808139576,
        "EIF4G3": 3.082104164188443,
        "ANKRD11": 3.0174288677049033,
        "PTPRM": 3.014731195037556,
        "TBCD": 3.0132620197053344,
        "VWF": 2.986009025238314,
        "CTNND1": 2.9713599629714613,
        "FRMD4A": 2.9595015353290153
      },
      "n_genes": 20,
      "cell_type": "unknown",
      "source": "sklearn_NMF"
    },
    {
      "program_id": "CAD_NMF_P04",
      "gene_set": [
        "BTNL9",
        "SYNE1",
        "KIAA1217",
        "CD36",
        "RAPGEF1",
        "FOXN3",
        "PTPRM",
        "FLT1",
        "VWF",
        "ST6GALNAC3",
        "LDB2",
        "PLCB1",
        "TACC1",
        "CLIC5",
        "PTPRG",
        "F8",
        "SYNE2",
        "ADGRF5",
        "MGLL",
        "ID1"
      ],
      "top_genes": [
        "BTNL9",
        "SYNE1",
        "KIAA1217",
        "CD36",
        "RAPGEF1",
        "FOXN3",
        "PTPRM",
        "FLT1",
        "VWF",
        "ST6GALNAC3",
        "LDB2",
        "PLCB1",
        "TACC1",
        "CLIC5",
        "PTPRG",
        "F8",
        "SYNE2",
        "ADGRF5",
        "MGLL",
        "ID1"
      ],
      "gene_loadings": {
        "BTNL9": 3.710806080891616,
        "SYNE1": 3.4746089397193813,
        "KIAA1217": 3.4111765563027427,
        "CD36": 3.309502709328931,
        "RAPGEF1": 3.2533474776150233,
        "FOXN3": 3.145717174854633,
        "PTPRM": 3.05856109355145,
        "FLT1": 3.0535763871365593,
        "VWF": 3.051502766635505,
        "ST6GALNAC3": 3.0206680723313757,
        "LDB2": 2.9985599707758928,
        "PLCB1": 2.932843034622287,
        "TACC1": 2.9030229063856314,
        "CLIC5": 2.8849935870578896,
        "PTPRG": 2.8291285672736017,
        "F8": 2.809911155381101,
        "SYNE2": 2.809461457829134,
        "ADGRF5": 2.8050795561913033,
        "MGLL": 2.794660700910529,
        "ID1": 2.763115977378693
      },
      "n_genes": 20,
      "cell_type": "unknown",
      "source": "sklearn_NMF"
    },
    {
      "program_id": "CAD_NMF_P05",
      "gene_set": [
        "FOXP1",
        "CALCRL",
        "GMDS",
        "RALGAPA2",
        "TGFBR2",
        "MBNL1",
        "NFIA",
        "ERG",
        "MRTFB",
        "SLCO2A1",
        "TSHZ2",
        "ITPR2",
        "PDE7B",
        "PPP3CA",
        "ZNF385D",
        "FLI1",
        "EXOC4",
        "PGM5",
        "AKT3",
        "GNAQ"
      ],
      "top_genes": [
        "FOXP1",
        "CALCRL",
        "GMDS",
        "RALGAPA2",
        "TGFBR2",
        "MBNL1",
        "NFIA",
        "ERG",
        "MRTFB",
        "SLCO2A1",
        "TSHZ2",
        "ITPR2",
        "PDE7B",
        "PPP3CA",
        "ZNF385D",
        "FLI1",
        "EXOC4",
        "PGM5",
        "AKT3",
        "GNAQ"
      ],
      "gene_loadings": {
        "FOXP1": 1.854270810435469,
        "CALCRL": 1.8382239997013108,
        "GMDS": 1.6960070133702578,
        "RALGAPA2": 1.6892842849695413,
        "TGFBR2": 1.6784655634539423,
        "MBNL1": 1.6191164394378301,
        "NFIA": 1.570771178802266,
        "ERG": 1.5287115510127236,
        "MRTFB": 1.439142978099718,
        "SLCO2A1": 1.437654348944422,
        "TSHZ2": 1.4371081649212822,
        "ITPR2": 1.4186795549826932,
        "PDE7B": 1.399326737718042,
        "PPP3CA": 1.3812364240339214,
        "ZNF385D": 1.3806427617835098,
        "FLI1": 1.3771111434372796,
        "EXOC4": 1.3741695216338559,