{
  "programs": [
    {
      "program_id": "RA_NMF_P01",
      "gene_set": [
        "MT-CO1",
        "RPL10",
        "RPS12",
        "RPS8",
        "RPLP1",
        "RPL19",
        "RPL13",
        "RPS3",
        "RPL32",
        "RPL5",
        "RPL30",
        "RPL28",
        "RPL41",
        "RPL11",
        "RPS14",
        "RPL4",
        "RPS27A",
        "RPS18",
        "RPL18A",
        "RPS23",
        "RPS13",
        "RPS3A",
        "RPS6",
        "RPL8",
        "RPS4X",
        "RPL3",
        "RPL18",
        "MT-ND5",
        "RPLP0",
        "RPL14",
        "MT-CYB",
        "RPL29",
        "RPL7A",
        "RPL34",
        "RPS19",
        "MT-ND6",
        "RPL12",
        "RPS15",
        "RPL6",
        "RPS15A",
        "NACA",
        "RPL15",
        "RPS5",
        "RPLP2",
        "RPS7",
        "RPS25",
        "RPS2",
        "RPS24",
        "FAU",
        "TXNIP",
        "RPL10A",
        "RPL13A",
        "MYH9",
        "RPSA",
        "RPS27",
        "RPL21",
        "RPL35A",
        "RPS16",
        "RPL9",
        "RPS9",
        "MT-CO2",
        "PTMA",
        "RPS28",
        "RPL39",
        "PTPRC",
        "HLA-E",
        "H1-4",
        "SELL",
        "MT-ATP6",
        "PFN1"
      ],
      "top_genes": [
        "MT-CO1",
        "RPL10",
        "RPS12",
        "RPS8",
        "RPLP1",
        "RPL19",
        "RPL13",
        "RPS3",
        "RPL32",
        "RPL5",
        "RPL30",
        "RPL28",
        "RPL41",
        "RPL11",
        "RPS14",
        "RPL4",
        "RPS27A",
        "RPS18",
        "RPL18A",
        "RPS23"
      ],
      "gene_loadings": {
        "MT-CO1": 15.729536778950234,
        "RPL10": 15.279947772558383,
        "RPS12": 14.991645594323563,
        "RPS8": 14.840667506687659,
        "RPLP1": 14.780803483658714,
        "RPL19": 14.613769510193567,
        "RPL13": 14.522663761366124,
        "RPS3": 14.44708821459701,
        "RPL32": 14.293893305392272,
        "RPL5": 14.276887641344386,
        "RPL30": 14.270265818280684,
        "RPL28": 14.206452029885817,
        "RPL41": 14.159876309238282,
        "RPL11": 14.159324509659012,
        "RPS14": 14.158427770906906,
        "RPL4": 14.09699873493448,
        "RPS27A": 14.096020428568941,
        "RPS18": 14.026072043685184,
        "RPL18A": 13.976100394455958,
        "RPS23": 13.895667399449886,
        "RPS13": 13.66583177845428,
        "RPS3A": 13.629933106792382,
        "RPS6": 13.608864422239423,
        "RPL8": 13.551223822739283,
        "RPS4X": 13.52036906735528,
        "RPL3": 13.434958182254304,
        "RPL18": 13.399027712769819,
        "MT-ND5": 13.377934501267365,
        "RPLP0": 13.371410704726923,
        "RPL14": 13.335340998923835,
        "MT-CYB": 13.210749614426943,
        "RPL29": 13.163058977894057,
        "RPL7A": 13.101150828787649,
        "RPL34": 13.094906026817299,
        "RPS19": 13.071176158940215,
        "MT-ND6": 13.035725900434043,
        "RPL12": 13.004652768107022,
        "RPS15": 12.74944484914576,
        "RPL6": 12.744149295924466,
        "RPS15A": 12.556045010860464,
        "NACA": 12.492106180648506,
        "RPL15": 12.461243219067748,
        "RPS5": 12.429747599079594,
        "RPLP2": 12.2833538080389,
        "RPS7": 12.278857482271633,
        "RPS25": 12.204915142660857,
        "RPS2": 12.17799085143744,
        "RPS24": 11.953079166377549,
        "FAU": 11.820004825376182,
        "TXNIP": 11.764159922171233,
        "RPL10A": 11.674756078969011,
        "RPL13A": 11.587433235305618,
        "MYH9": 11.584716580955657,
        "RPSA": 11.577674652552009,
        "RPS27": 11.481180530512518,
        "RPL21": 11.419574607847096,
        "RPL35A": 11.418372019273688,
        "RPS16": 11.313071917608983,
        "RPL9": 11.291092787257844,
        "RPS9": 11.257905138818328,
        "MT-CO2": 11.211070507448305,
        "PTMA": 11.188601893162506,
        "RPS28": 11.164191947420745,
        "RPL39": 11.1529007176265,
        "PTPRC": 11.00001120683951,
        "HLA-E": 10.905323333149934,
        "H1-4": 10.63463200938685,
        "SELL": 10.616943359163002,
        "MT-ATP6": 10.380720834848443,
        "PFN1": 10.101627468508381
      },
      "n_genes": 70,
      "cell_type": "unknown",
      "source": "sklearn_NMF"
    },
    {
      "program_id": "RA_NMF_P02",
      "gene_set": [
        "SMCHD1",
        "CHD2",
        "FOXP1",
        "TNFAIP3",
        "SRRM2",
        "SFPQ",
        "ETS1",
        "CYTH1",
        "CCNL1",
        "MBNL1",
        "SYNE2",
        "MCL1",
        "CELF2",
        "STK17B",
        "CD44",
        "FYN",
        "PRRC2C",
        "IKZF1",
        "OGA",
        "FOS"
      ],
      "top_genes": [
        "SMCHD1",
        "CHD2",
        "FOXP1",
        "TNFAIP3",
        "SRRM2",
        "SFPQ",
        "ETS1",
        "CYTH1",
        "CCNL1",
        "MBNL1",
        "SYNE2",
        "MCL1",
        "CELF2",
        "STK17B",
        "CD44",
        "FYN",
        "PRRC2C",
        "IKZF1",
        "OGA",
        "FOS"
      ],
      "gene_loadings": {
        "SMCHD1": 11.62697600319617,
        "CHD2": 11.393715555711005,
        "FOXP1": 11.089895204723229,
        "TNFAIP3": 10.973162336024988,
        "SRRM2": 10.861709114316476,
        "SFPQ": 10.859426753255418,
        "ETS1": 10.845131978053523,
        "CYTH1": 10.787821824036394,
        "CCNL1": 10.706528866645508,
        "MBNL1": 10.547817168327892,
        "SYNE2": 10.511713243652489,
        "MCL1": 10.378798806897631,
        "CELF2": 10.352608727070717,
        "STK17B": 10.2350029185109,
        "CD44": 10.023842968736682,
        "FYN": 9.97069880338233,
        "PRRC2C": 9.968510216693398,
        "IKZF1": 9.843105053340347,
        "OGA": 9.783127860712131,
        "FOS": 9.724952488593967
      },
      "n_genes": 20,
      "cell_type": "unknown",
      "source": "sklearn_NMF"
    },
    {
      "program_id": "RA_NMF_P03",
      "gene_set": [
        "RPS17",
        "RPS10",
        "RPS29",
        "RPS27",
        "RPL37A",
        "RPL13A",
        "RPL27A",
        "MT-ND3",
        "RPL26",
        "RPL41",
        "RPLP2",
        "RPLP1",
        "RPL34",
        "RPS2",
        "RPL39",
        "RPS12",
        "RPS18",
        "RPL21",
        "RPL31",
        "RPS6"
      ],
      "top_genes": [
        "RPS17",
        "RPS10",
        "RPS29",
        "RPS27",
        "RPL37A",
        "RPL13A",
        "RPL27A",
        "MT-ND3",
        "RPL26",
        "RPL41",
        "RPLP2",
        "RPLP1",
        "RPL34",
        "RPS2",
        "RPL39",
        "RPS12",
        "RPS18",
        "RPL21",
        "RPL31",
        "RPS6"
      ],
      "gene_loadings": {
        "RPS17": 7.846642897043239,
        "RPS10": 7.5289191361278185,
        "RPS29": 7.17865733963064,
        "RPS27": 6.764171936370103,
        "RPL37A": 6.5954403643818,
        "RPL13A": 6.569696402096134,
        "RPL27A": 6.554943692372025,
        "MT-ND3": 6.53146276830513,
        "RPL26": 6.528922919592183,
        "RPL41": 6.52757621151081,
        "RPLP2": 6.522883337154922,
        "RPLP1": 6.51641817989538,
        "RPL34": 6.4891885544134125,
        "RPS2": 6.484640903860905,
        "RPL39": 6.480127993425582,
        "RPS12": 6.474614371994605,
        "RPS18": 6.472089052902052,
        "RPL21": 6.454702239502564,
        "RPL31": 6.430830282480322,
        "RPS6": 6.428115560467286
      },
      "n_genes": 20,
      "cell_type": "unknown",
      "source": "sklearn_NMF"
    },
    {
      "program_id": "RA_NMF_P04",